{"cameraMode":{"drawMode":0,"name":"Shaded","section":"Shading Mode"},"sceneLighting":true,"audioPlay":false,"sceneViewState":{"m_AlwaysRefresh":false,"showFog":true,"showSkybox":true,"showFlares":true,"showImageEffects":true,"showParticleSystems":true,"showVisualEffectGraphs":true,"m_FxEnabled":true},"in2DMode":false,"pivot":{"x":9.145959854125977,"y":-8.871908187866211,"z":46.64863586425781},"rotation":{"x":0.10312948375940323,"y":0.09712519496679306,"z":-0.010128996334969998,"w":0.9898853302001953},"size":24.39198112487793,"orthographic":false}